<?xml version="1.0" encoding="UTF-8"?> 

<beans xmlns="http://www.springframework.org/schema/beans"
       xmlns:xsi="http://www.w3.org/2001/XMLSchema-instance"
       xsi:schemaLocation="
                http://www.springframework.org/schema/beans
                http://www.springframework.org/schema/beans/spring-beans.xsd
                http://www.springframework.org/schema/context
		 http://www.springframework.org/schema/context/spring-context-3.0.xsd"
		 xmlns:context="http://www.springframework.org/schema/context"
		 xmlns:p="http://www.springframework.org/schema/p">
		 
   <!--              
   <bean id="dataSource"
        class="org.springframework.jdbc.datasource.DriverManagerDataSource"> 
    <property name="driverClassName" value="oracle.jdbc.driver.OracleDriver"/>
    <property name="url" value="jdbc:oracle:thin:@localhost:1521:chandra"/>
    <property name="username" value="scott"/>
    <property name="password" value="tiger"/>
  </bean>
 -->
 
	<bean id="dataSource"
        class="org.springframework.jdbc.datasource.DriverManagerDataSource"
        p:driverClassName="oracle.jdbc.OracleDriver"
        p:url="jdbc:oracle:thin:@localhost:1521:XE"
        p:username="scott"
        p:password="tiger"
        >
  </bean>
  
	<!-- 
	<bean id="dataSource"
		class="org.springframework.jdbc.datasource.DriverManagerDataSource"> 
		<property name="driverClassName" value="com.mysql.jdbc.Driver" />
		<property name="url" value="jdbc:mysql://localhost:3306/test" />
		<property name="username" value="root" />
		<property name="password" value="root" />
	</bean>
	<context:annotation-config/>
	<context:component-scan base-package="." />
	-->
                
</beans>