<?xml version='1.0' encoding='utf-8'?>
<!DOCTYPE hibernate-configuration PUBLIC
"-//Hibernate/Hibernate Configuration DTD//EN"
"http://hibernate.sourceforge.net/hibernate-configuration-3.0.dtd">

<hibernate-configuration>

	<session-factory>
	      <property name="hibernate.connection.driver_class">oracle.jdbc.OracleDriver</property>
	      <property name="hibernate.connection.url">jdbc:oracle:thin:@localhost:1521:XE</property>
	      <property name="hibernate.connection.username">scott</property>
	      <property name="hibernate.connection.password">tiger</property>
	      <property name="hibernate.connection.pool_size">10</property>
	      <property name="hibernate.show_sql">true</property>
	      <property name="hibernate.use_sql_comments">true</property>
	      <property name="hibernate.dialect">org.hibernate.dialect.Oracle10gDialect</property>
		
		 <mapping resource="\com\hibernate\pack90_association\pack30_manyMany\beans\emp.hbm.xml"/> 
		 <mapping resource="\com\hibernate\pack90_association\pack30_manyMany\beans\project.hbm.xml"/> 
		  
	 </session-factory>
	 
</hibernate-configuration>