<?xml version="1.0" encoding="UTF-8"?> 

<beans xmlns="http://www.springframework.org/schema/beans"
       xmlns:xsi="http://www.w3.org/2001/XMLSchema-instance"
       xsi:schemaLocation="
                http://www.springframework.org/schema/beans
                http://www.springframework.org/schema/beans/spring-beans.xsd
                http://www.springframework.org/schema/context
		 http://www.springframework.org/schema/context/spring-context-3.0.xsd"
		 xmlns:context="http://www.springframework.org/schema/context"
		 xmlns:p="http://www.springframework.org/schema/p">
   <!--              
   <bean id="dataSource"
        class="org.springframework.jdbc.datasource.DriverManagerDataSource"> 
    <property name="driverClassName" value="oracle.jdbc.driver.OracleDriver"/>
    <property name="url" value="jdbc:oracle:thin:@localhost:1521:chandra"/>
    <property name="username" value="scott"/>
    <property name="password" value="tiger"/>
  </bean>
 -->
 
	<bean id="oracleDS"
        class="org.springframework.jdbc.datasource.DriverManagerDataSource">
  	</bean>
  	
  	<!-- Old style configuration. Test one at a time by commenting the other -->
  	
	<bean class="org.springframework.beans.factory.config.PropertyOverrideConfigurer">
		<property name="location" value="classpath:pack_10_ioc\pack_70_namespace\pack_04_property_override\db.properties" />
	</bean>
	 
	 <bean id="mySql"
        class="org.springframework.jdbc.datasource.DriverManagerDataSource">
  	</bean>
	<!-- Using context schema to achieve the same -->
	 <!--
	<context:property-override location="classpath:pack_10_ioc\pack_70_namespace\pack_04_property_override\db2.properties" />  
  	-->
	<!-- 
	<bean id="dataSource"
		class="org.springframework.jdbc.datasource.DriverManagerDataSource"> 
		<property name="driverClassName" value="com.mysql.jdbc.Driver" />
		<property name="url" value="jdbc:mysql://localhost:3306/test" />
		<property name="username" value="root" />
		<property name="password" value="root" />
	</bean>
	<context:annotation-config/>
	<context:component-scan base-package="." />
	-->
                
</beans>