<?xml version="1.0" encoding="UTF-8"?>
<beans xmlns="http://www.springframework.org/schema/beans"
	xmlns:xsi="http://www.w3.org/2001/XMLSchema-instance"
	xsi:schemaLocation="http://www.springframework.org/schema/beans http://www.springframework.org/schema/beans/spring-beans-3.0.xsd">

	<bean id="emailer" class="pack_30_more_ioc.pack_03_custom_events.EmailBean">
		<property name="blackList">
			<list>
				<value>black@list.org</value>
				<value>white@list.org</value>
				<value>john@doe.org</value>
			</list>
		</property>
	</bean>

	<bean id="blackListListener1" class="pack_30_more_ioc.pack_03_custom_events.BlacklistNotifier1">
		<property name="notificationAddress" value="spam1@list.org" />
	</bean>
	<bean id="blackListListener2" class="pack_30_more_ioc.pack_03_custom_events.BlacklistNotifier2">
		<property name="notificationAddress" value="spam2@list.org" />
	</bean>
	
	<bean id="alertListener2" class="pack_30_more_ioc.pack_03_custom_events.AlertNotifier">
		<property name="alertAddress" value="spam3@list.org" />
	</bean>
</beans>
