<?xml version="1.0" encoding="UTF-8"?>

<beans  xmlns="http://www.springframework.org/schema/beans"
		xmlns:xsi="http://www.w3.org/2001/XMLSchema-instance"
       xsi:schemaLocation="
       			http://www.springframework.org/schema/beans
                http://www.springframework.org/schema/beans/spring-beans.xsd
                http://www.springframework.org/schema/mvc 
                http://www.springframework.org/schema/mvc/spring-mvc.xsd
                
                http://www.springframework.org/schema/context
		 		http://www.springframework.org/schema/context/spring-context-3.0.xsd" 
		xmlns:context="http://www.springframework.org/schema/context">
	
	<context:component-scan base-package="controllers" />
	<context:component-scan base-package="validators" />
	
	<bean id="viewResolver"
      	   class="org.springframework.web.servlet.view.InternalResourceViewResolver" >
           <property name="prefix">
              <value>/WEB-INF/pages/</value>
           </property>
           <property name="suffix">
              <value>.jsp</value>
           </property>
     </bean>
     
     <bean id="messageSource"
        class="org.springframework.context.support.ReloadableResourceBundleMessageSource">
        <property name="basename" value="classpath:messages/messages" />
        <property name="defaultEncoding" value="UTF-8" />
    </bean>
	
	<!-- <bean id="employeeValidator" class="validators.EmployeeFormValidator" /> -->
</beans>