<?xml version="1.0" encoding="UTF-8"?>
<beans xmlns="http://www.springframework.org/schema/beans"
	xmlns:xsi="http://www.w3.org/2001/XMLSchema-instance"
	xsi:schemaLocation="
		http://www.springframework.org/schema/beans
		http://www.springframework.org/schema/beans/spring-beans-3.0.xsd
		http://www.springframework.org/schema/aop 
		http://www.springframework.org/schema/aop/spring-aop-3.0.xsd
		http://www.springframework.org/schema/tx
		http://www.springframework.org/schema/tx/spring-tx-3.0.xsd"
	xmlns:tx="http://www.springframework.org/schema/tx"
	xmlns:aop="http://www.springframework.org/schema/aop">

	<import resource="db-config.xml" />
	
	<bean id="hiberSessionFactory" class="org.springframework.orm.hibernate4.LocalSessionFactoryBean">
		<property name="dataSource" ref ="ds"/>
		<property name="hibernateProperties">
			<value>
			<!--hibernate.dialect=org.hibernate.dialect.MySQLDialect hibernate.hbm2ddl.auto=create-->
				hibernate.dialect=org.hibernate.dialect.Oracle10gDialect
				hibernate.show_sql=true
			</value>
		</property>
		
		<!-- <property name="configLocation">
            <value>classpath:hibernate.cfg.xml</value>
        </property> -->
        
		<property name="mappingResources">
			<list>
		        <value>pack_70_transactions\pack_30_aop\Product.hbm.xml</value>
		   	</list>
		</property>		
	</bean>
	<!-- -->
	<bean id="productRepository" class="pack_70_transactions.pack_30_aop.HibernateProductRepository">
		<property name="sessionFactory"><ref local="hiberSessionFactory"/></property>
	</bean>
	 
	
<!--  Transactional settings required for the Hibernate example to work. -->
	<bean id="txManager" class="org.springframework.orm.hibernate4.HibernateTransactionManager">
		<property name="sessionFactory" ref="hiberSessionFactory" />
	</bean>
	 
	<!-- <tx:annotation-driven transaction-manager="txManager" /> -->
	<tx:advice id="txAdvice" transaction-manager="txManager">
	    <tx:attributes>
	    	<tx:method name="add*" read-only="true" />
			<tx:method name="get*" read-only="true" />
			<tx:method name="*" /> 
	    </tx:attributes>
	</tx:advice>
 
	<!-- <aop:config>
	    <aop:pointcut id="userServicePointCut" expression="execution(* pack_70_transactions.pack_30_aop.HibernateProductRepository.*(..))" />
	    <aop:advisor advice-ref="txAdvice" pointcut-ref="userServicePointCut" />
	</aop:config>  -->
</beans>
