<beans xmlns="http://www.springframework.org/schema/beans"
	xmlns:xsi="http://www.w3.org/2001/XMLSchema-instance"
	xmlns:context="http://www.springframework.org/schema/context"
	xmlns:tx="http://www.springframework.org/schema/tx" 
	xmlns:p="http://www.springframework.org/schema/p"
	xsi:schemaLocation="http://www.springframework.org/schema/beans
     http://www.springframework.org/schema/beans/spring-beans-4.0.xsd
     http://www.springframework.org/schema/context
     http://www.springframework.org/schema/context/spring-context-4.0.xsd
     http://www.springframework.org/schema/tx
	 http://www.springframework.org/schema/tx/spring-tx.xsd">
	
	<context:component-scan base-package="daos, services" />
	
	<bean id="dataSource"
			class="org.springframework.jdbc.datasource.DriverManagerDataSource">
			<property name="driverClassName" value="${orcl.driver}" />
			<property name="url" value="${orcl.url}" />
			<property name="username" value="${orcl.user}" />
			<property name="password" value="${orcl.password}" />
	</bean>
	
	<bean id="properties" class="org.springframework.beans.factory.config.PropertyPlaceholderConfigurer">
		<property name="location">
			<value>oracle.properties</value>
		</property>
	</bean>
	
	<!-- <bean id="entityManagerFactory" class="org.springframework.orm.jpa.LocalContainerEntityManagerFactoryBean"
			p:packagesToScan="dto"
            p:dataSource-ref="dataSource"
			>
		<property name="jpaVendorAdapter">
			<bean class="org.springframework.orm.jpa.vendor.HibernateJpaVendorAdapter">
				<property name="generateDdl" value="false" />
				<property name="showSql" value="true" />
			</bean>
		</property>
	</bean> -->
	
	<bean id="entityManagerFactory" class="org.springframework.orm.jpa.LocalContainerEntityManagerFactoryBean">
		<property name="packagesToScan" value="dto" />
		<property name="dataSource" ref="dataSource" />
		
		<property name="jpaVendorAdapter">
			<bean class="org.springframework.orm.jpa.vendor.HibernateJpaVendorAdapter">
				<property name="generateDdl" value="false" />
				<property name="showSql" value="true" />
			</bean>
		</property>
	</bean>
	
	<bean id="transactionManager" class="org.springframework.orm.jpa.JpaTransactionManager">
		<property name="entityManagerFactory" ref="entityManagerFactory" />
	</bean>
	
	<tx:annotation-driven transaction-manager="transactionManager" />
	
</beans>