<?xml version="1.0" encoding="UTF-8"?> 


<!-- It is schema style configuration for Spring 2.5  -->
<beans xmlns="http://www.springframework.org/schema/beans"
	xmlns:xsi="http://www.w3.org/2001/XMLSchema-instance"
	xmlns:context="http://www.springframework.org/schema/context"
	xmlns:tx="http://www.springframework.org/schema/tx"
	xsi:schemaLocation="http://www.springframework.org/schema/beans http://www.springframework.org/schema/beans/spring-beans.xsd
		http://www.springframework.org/schema/context http://www.springframework.org/schema/context/spring-context.xsd
		http://www.springframework.org/schema/tx
	 	http://www.springframework.org/schema/tx/spring-tx.xsd
		">
   
    <context:component-scan base-package="com.jp.hr.services, com.jp.hr.daos" />
    
    <bean id="ds"
        class="org.springframework.jdbc.datasource.DriverManagerDataSource"> 
	    <property name="driverClassName" value="oracle.jdbc.OracleDriver"/>
	    <property name="url" value="jdbc:oracle:thin:@localhost:1521:XE"/>
	    <property name="username" value="scott"/>
	    <property name="password" value="lion"/>
    </bean>
    
   	<bean id="entityManagerFactory" class="org.springframework.orm.jpa.LocalContainerEntityManagerFactoryBean">
		<property name="packagesToScan" value="com.jp.hr.entities" />
		<property name="dataSource" ref="ds" />
		
		<property name="jpaVendorAdapter">
			<bean class="org.springframework.orm.jpa.vendor.HibernateJpaVendorAdapter">
				<property name="generateDdl" value="false" />
				<property name="showSql" value="true" />
			</bean>
		</property>
	</bean>
	
	<bean id="transactionManager" class="org.springframework.orm.jpa.JpaTransactionManager">
		<property name="entityManagerFactory" ref="entityManagerFactory" />
	</bean>
	
	<tx:annotation-driven transaction-manager="transactionManager" />
</beans>
