<?xml version="1.0" encoding="UTF-8"?> 

<beans xmlns="http://www.springframework.org/schema/beans"
       xmlns:xsi="http://www.w3.org/2001/XMLSchema-instance"
       xsi:schemaLocation="
                http://www.springframework.org/schema/beans
                http://www.springframework.org/schema/beans/spring-beans.xsd
                http://www.springframework.org/schema/context
		 http://www.springframework.org/schema/context/spring-context-3.0.xsd"
		 xmlns:context="http://www.springframework.org/schema/context"
		 xmlns:p="http://www.springframework.org/schema/p">
 
	<bean id="serviceA"
        class="pack_10_ioc.pack_70_namespace.pack_05_combine.withXml.pack010_1ph_multiObj.ServiceA"
        p:value1="${value1}"
        p:value2="${value2}"
        p:value3="${value3}"
        >
  </bean>
  <bean id="serviceB"
        class="pack_10_ioc.pack_70_namespace.pack_05_combine.withXml.pack010_1ph_multiObj.ServiceB"
        p:value3="${value3}"
        p:value4="${value4}"
        p:value5="${value5}"
        >
  </bean>
  
  	<!-- PropertyPlaceHolder using bean tag -->
  	<bean class="org.springframework.beans.factory.config.PropertyPlaceholderConfigurer">
		<property name="location" value="classpath:pack_10_ioc\pack_70_namespace\pack_05_combine\withXml\pack010_1ph_multiObj\ValuesSetPH1.properties" />
	</bean>
	
	<!-- PropertyPlaceHoder using context schema 
	<context:property-placeholder location="classpath:pack_10_ioc\pack_70_namespace\pack_05_combine\withXml\pack010_1ph_multiObj\ValuesSetPH1.properties" />  
	-->
	
</beans>