<?xml version="1.0" encoding="UTF-8"?> 

<beans xmlns="http://www.springframework.org/schema/beans"
       xmlns:xsi="http://www.w3.org/2001/XMLSchema-instance"
       xmlns:util="http://www.springframework.org/schema/util"
       xsi:schemaLocation="
                http://www.springframework.org/schema/beans
                http://www.springframework.org/schema/beans/spring-beans.xsd
                http://www.springframework.org/schema/util
                http://www.springframework.org/schema/util/spring-util.xsd">
                
   <bean id="globalInvest" class="pack_10_ioc.pack_20_moreOnBeans.pack_03_inherit.withXml.GlobalInvestment"  abstract="true" > <!-- abstract="true" -->
  		<property name="firmName" value="Global Investment Pvt. Ltd." />
  		<property name="companyMotto" value="Need of the hour" />
  	</bean>
  	
  	<bean id="localInvest" class="pack_10_ioc.pack_20_moreOnBeans.pack_03_inherit.withXml.LocalInvestment"  parent="globalInvest"  >  <!-- parent="bankacc"  -->
  		<property name="firmName" value="Chandra and Company" />
  		<property name="branchId" value="Mum100" />
  	</bean>
</beans>
